OBJECTID,ID,Name,Country,Latitude,Longitude,Link,Photo,x,y
1,1,Klubosumo Johnson Borh,Liberia,6.428055,-9.429499,https://mediatorsbeyondborders.org/bridging-peace-through-empowerment-the-case-of-liberia/,https://mediatorsbeyondborders.org/wp-content/uploads/2018/12/Klubosumo-Johnson-Borh-300x278.jpg,-9.429499,6.428055
2,2,Luis Ore Ibarra,Peru,-9.189967,-75.015152,https://mediatorsbeyondborders.org/meeting-at-the-table-peaceful-outcomes-and-satisfied-parties-member-spotlight-luis-ore/,https://mediatorsbeyondborders.org/wp-content/uploads/2019/07/proceso-show-768x512.jpg,-75.015152,-9.189967
3,3,Dorina Prech,Kenya,-0.023559,37.906193,https://mediatorsbeyondborders.org/transforming-warriors-into-peace-guardians-member-spotlight-dorina-prech/,https://mediatorsbeyondborders.org/wp-content/uploads/2019/02/Dorina-4-300x200.jpg,37.906193,-0.023559
4,4,Joyca Aluoch,Kenya,-0.023559,37.906193,https://mediatorsbeyondborders.org/from-international-law-to-mediation-board-spotlight-joyce-aluoch/,https://mediatorsbeyondborders.org/wp-content/uploads/2019/12/Joyce-Aluoch-Photo-169x300.jpg,37.906193,-0.023559
5,5,Ken Waldron,Australia,-27.4697707,153.0251235,https://mediatorsbeyondborders.org/an-oceania-climate-change-advocate-member-spotlight-ken-waldron/,https://mediatorsbeyondborders.org/wp-content/uploads/2019/09/image1-768x1024.jpeg,153.0251235,-27.4697707
6,6,Khin Thida Soe,Myanmar (Burma),21.916221,95.955974,https://mediatorsbeyondborders.org/a-peace-practitioner-overcoming-interfaith-issues-member-spotlight-khin-thida-soe/,https://mediatorsbeyondborders.org/wp-content/uploads/2020/01/Thida-Bali.jpg,95.955974,21.916221
7,7,Ajoeb Mohamed,Netherlands,52.132633,5.291266,https://mediatorsbeyondborders.org/building-inclusive-and-intercultural-bridges-member-spotlight-ajoeb-mohamedajoeb/,https://mediatorsbeyondborders.org/wp-content/uploads/2020/01/Foto-voor-Twitteraccount-600x600.png,5.291266,52.132633
8,8,Ayo Ayoola-Amale,Ghana,7.946527,-1.023194,https://mediatorsbeyondborders.org/wp-content/uploads/2020/02/Ayo_Ayoola_Amale_Profile_Pictue_2-214x300.jpg,https://mediatorsbeyondborders.org/wp-content/uploads/2020/02/Ayo_Ayoola_Amale_Profile_Pictue_2-214x300.jpg,-1.023194,7.946527
9,9,Andreas Velthuiz,South Africa,-25.7478676,28.2292712,https://mediatorsbeyondborders.org/restoring-relationships-through-cultural-competency-member-spotlight-andreas-velthuizen/,https://mediatorsbeyondborders.org/wp-content/uploads/2020/02/dries-v.jpg,28.2292712,-25.7478676
10,10,Raihal Fajri,Indonesia,-0.789275,113.921327,https://mediatorsbeyondborders.org/inclusion-of-women-in-peace-processes-member-spotlight-raihal-fajri/,https://mediatorsbeyondborders.org/wp-content/uploads/2020/04/Raihal-Fajri-267x300.jpg,113.921327,-0.789275
11,11,Hussam Bazar'a,Yemen,15.552727,48.516388,https://mediatorsbeyondborders.org/covid-19-prevention-projects-in-yemen-member-spotlight-hussam-bazaraa/,https://mediatorsbeyondborders.org/wp-content/uploads/2020/05/Hussam-Photo-300x169.jpg,48.516388,15.552727
12,12,Gaelle Ezan,France,46.227638,2.213749,https://mediatorsbeyondborders.org/from-energy-law-to-mediation-member-spotlight-gaelle-ezan/,https://mediatorsbeyondborders.org/wp-content/uploads/2020/05/Portraits_Adamas_Juin_2018%C2%A9jeanlucmegephotography-0072-768x592.jpeg,2.213749,46.227638
13,13,Ian Lancaster,Canada,43.992634,-78.023383,https://mediatorsbeyondborders.org/member-spotlight-ian-e-lancaster-end-of-life-care/,https://mediatorsbeyondborders.org/wp-content/uploads/2020/05/Jose-Ramos-Horta-Bali-5Nov19-scaled-1-e1601908102830-768x596.jpg,-78.023383,43.992634
14,14,Caryl Lashley,Bahamas,25.03428,-77.39628,https://mediatorsbeyondborders.org/relationships-matter-member-spotlight-caryl-lashley/,https://mediatorsbeyondborders.org/wp-content/uploads/2020/08/Caryl-Lashley-Headshot-e1596733954327.png,-77.39628,25.03428
15,15,Lisanne Iriks,Australia,-31.9505269,115.8604572,https://mediatorsbeyondborders.org/a-multifaceted-mediator-throughout-australia-member-spotlight-lisanne-iriks/,https://mediatorsbeyondborders.org/wp-content/uploads/2020/07/Lisanne-Iriks-300x300.jpg,115.8604572,-31.9505269
16,16,Louis Cohen,"Florida, United States",27.6648274,-81.5157535,https://mediatorsbeyondborders.org/a-bottomless-well-of-patience-and-empathy-member-spotlight-louis-cohen/,https://mediatorsbeyondborders.org/wp-content/uploads/2020/02/C2915505-BE19-4973-A745-A30EDE77C78F-Louis-Cohen-768x576.jpeg,-81.5157535,27.6648274
17,17,Lim Heang Heng,Cambodia,12.565679,104.990963,https://mediatorsbeyondborders.org/the-power-of-positivism-member-spotlight-lim-heang-heng/,https://mediatorsbeyondborders.org/wp-content/uploads/2020/08/Lim-Heang-Heng-211x300.jpg,104.990963,12.565679
18,18,Ramon Tena Pera ,Andorra,42.506285,1.521801,https://mediatorsbeyondborders.org/do-it-through-dialogue-member-spotlight-ramon-tena-pera/,https://mediatorsbeyondborders.org/wp-content/uploads/2018/08/Ramon-Tena-Pera-Photo1-300x248.jpeg,1.521801,42.506285
19,19,Eyas Shbeta,Israel,31.046051,34.851612,https://mediatorsbeyondborders.org/the-secret-recipe-for-coexistence-member-spotlight-eyas-shbeta/,https://mediatorsbeyondborders.org/wp-content/uploads/2019/12/20191206_131643-225x300.jpg,34.851612,31.046051
20,20,Claire Holland,Australia,-19.2589635,146.8169483,https://mediatorsbeyondborders.org/capacity-building-approaches-for-dialogue-and-conflict-resolution-member-spotlight-claire-holland/,https://mediatorsbeyondborders.org/wp-content/uploads/2019/10/Claire-Holland-photo.png,146.8169483,-19.2589635
21,21,David Savage,Canada,49.2827291,-123.1207375,https://mediatorsbeyondborders.org/publishing-guides-on-collaborative-skill-building-member-spotlight-david-savage/,https://mediatorsbeyondborders.org/wp-content/uploads/2019/05/David-Savage-Photo-3-300x271.jpg,-123.1207375,49.2827291
22,22,Charmaine Mae,Philippines,12.879721,121.774017,https://mediatorsbeyondborders.org/holding-space-in-mediation-member-spotlight-charmaine-mae-dahapioso-baconga/,https://mediatorsbeyondborders.org/wp-content/uploads/2020/07/Charmaine-600x600.jpg,121.774017,12.879721
23,23,Sheila Kambobe,Zambia,-15.3875259,28.3228165,https://mediatorsbeyondborders.org/fostering-peace-and-community-resilience-in-south-sudan-member-spotlight-sheila-kambobe/,https://mediatorsbeyondborders.org/wp-content/uploads/2020/09/Sheila-pic-1-768x1024.jpg,28.3228165,-15.3875259
24,24,Lorelai Higgins,Canada,51.0447331,-114.0718831,https://mediatorsbeyondborders.org/weaving-between-worlds-member-spotlight-lorelei-higgins/,https://mediatorsbeyondborders.org/wp-content/uploads/2020/04/Lorelei-15-683x1024.jpg,-114.0718831,51.0447331
25,25,Mary Hellwig,"Missouri, United States",38.6270025,-90.1994042,https://mediatorsbeyondborders.org/mediation-empowers-member-spotlight-mary-hellwig/,https://mediatorsbeyondborders.org/wp-content/uploads/2019/02/Mary-Hellwig-Photo-225x300.jpeg,-90.1994042,38.6270025
26,26,Kimberly Best,"Tenessee, United States",36.1626638,-86.7816016,https://mediatorsbeyondborders.org/a-heart-for-peace-member-spotlight-kimberly-best/,https://mediatorsbeyondborders.org/wp-content/uploads/2020/11/KBest.jpg,-86.7816016,36.1626638
27,27,Barbara Barnes,"Montana, United States",46.5891452,-112.0391057,https://mediatorsbeyondborders.org/transforming-conflict-to-transform-relationships-member-spotlight-barbara-barnes/,https://mediatorsbeyondborders.org/wp-content/uploads/2020/10/IMG-8354-768x1024.jpg,-112.0391057,46.5891452
28,28,Gerry O'Sullivan,Ireland,52.3022873,-10.0385437,https://mediatorsbeyondborders.org/giving-people-a-voice-member-spotlight-gerry-osullivan/,https://mediatorsbeyondborders.org/wp-content/uploads/2020/04/Gerry-OSullivan-1-683x1024.jpg,-10.0385437,52.3022873
29,29,Jean Bagh,Ukraine,48.379433,31.16558,https://mediatorsbeyondborders.org/building-trust-in-a-trustless-environment-member-spotlight-jean-bagh/,https://mediatorsbeyondborders.org/wp-content/uploads/2018/10/Jean-Bagh-Headshot-300x297.jpg,31.16558,48.379433
30,30,Emilia Miki,Cameron,3.8480325,11.5020752,https://mediatorsbeyondborders.org/women-for-peace-member-spotlight-emily-miki/,https://mediatorsbeyondborders.org/wp-content/uploads/2020/04/IMG_1121-225x300.jpg,11.5020752,3.8480325
31,31,Elahe Amani,Iran,35.6891975,51.3889736,https://mediatorsbeyondborders.org/peacebuilder-spotlight-elahe-amani/,https://mediatorsbeyondborders.org/wp-content/uploads/2017/09/Elahe-Headshot-5-770x1024.jpg,51.3889736,35.6891975
32,32,Sameer Shah,India,28.6862738,77.2217831,https://mediatorsbeyondborders.org/changing-mindsets-on-how-we-conceive-dispute-resolution-member-spotlight-sameer-shah/,https://mediatorsbeyondborders.org/wp-content/uploads/2020/03/Sameer-Solo-300x300.jpg,77.2217831,28.6862738
33,33,Indrani Covender,South Africa,-29.8586804,31.0218404,https://mediatorsbeyondborders.org/restoring-justice-to-marginalized-communities-member-spotlight-indrani-govender/,https://mediatorsbeyondborders.org/wp-content/uploads/2020/11/Photo-225x300.jpg,31.0218404,-29.8586804
34,34,Howard Le Cornu,"Guernsey, Channel Islands",49.5,-2.5,https://mediatorsbeyondborders.org/connecting-people-creating-opportunity-member-spotlight-howard-le-cornu/,https://mediatorsbeyondborders.org/wp-content/uploads/2020/11/20190404acorn074.jpeg,-2.5,49.5
35,35,Todd Lopez,"New Mexico, United States",35.6869752,-105.937799,https://mediatorsbeyondborders.org/meet-the-board-todd-lopez/,https://mediatorsbeyondborders.org/wp-content/uploads/2018/09/Todd-Lopez.jpg,-105.937799,35.6869752
36,36,Somia Sadiq,Canada,49.895136,-97.1383744,https://mediatorsbeyondborders.org/re-establishing-their-forgotten-voice-justice-for-indigenous-communities-member-spotlight-somia-sadiq/,https://mediatorsbeyondborders.org/wp-content/uploads/2020/11/i-hB669gh-X4-768x513.jpg,-97.1383744,49.895136
37,37,Peter Corne,China,31.230416,121.473701,https://mediatorsbeyondborders.org/reconnecting-with-mediation-member-spotlight-peter-corne/,https://mediatorsbeyondborders.org/wp-content/uploads/2021/01/IMG_5274-300x257.jpg,121.473701,31.230416
38,38,Adama Sarr,Senegal,14.716677,-17.4676861,https://mediatorsbeyondborders.org/ensuring-neutrality-and-sustainability-member-spotlight-adama-sarr/,https://mediatorsbeyondborders.org/wp-content/uploads/2020/09/ADAMA-PIC-e1599060725483-768x710.jpg,-17.4676861,14.716677
39,39,Michelle Avaroma,Bolivia,-16.290154,-63.588653,https://mediatorsbeyondborders.org/forever-impacting-youth-through-peacejam-member-spotlight-michelle-avaroma/,https://mediatorsbeyondborders.org/wp-content/uploads/2020/03/56242598_2184370301628797_5620792870999949312_o-300x199.jpg,-63.588653,-16.290154
40,40,Usha Poonawalla,India,18.5204303,73.8567437,https://mediatorsbeyondborders.org/women-in-mediation-member-spotlight-usha-poonawalla/,https://mediatorsbeyondborders.org/wp-content/uploads/2020/11/Usha.jpg,73.8567437,18.5204303
41,41,Bhavya Mahajan,India,19.0759837,72.8776559,https://mediatorsbeyondborders.org/keeping-the-humanness-alive-even-amidst-conflict-member-spotlight-bhavya-mahajan/,https://mediatorsbeyondborders.org/wp-content/uploads/2020/09/Bhavya-3-768x1024.jpg,72.8776559,19.0759837
42,42,Howard Le Cornu,Jersey,49.2074637,-2.1952207,https://mediatorsbeyondborders.org/connecting-people-creating-opportunity-member-spotlight-howard-le-cornu/,https://mediatorsbeyondborders.org/wp-content/uploads/2020/11/20190404acorn074.jpeg,-2.1952207,49.2074637
43,43,Gwendolyn Myers,Liberia,6.318870752,-10.79180369,https://mediatorsbeyondborders.org/bio/gwendolyn-myers/,https://mediatorsbeyondborders.org/bio/gwendolyn-myers/,-10.79180369,6.318870752
44,44,Wayne Marriott,New Zealand,-43.5320214,172.6305589,https://mediatorsbeyondborders.org/the-intersections-of-mediation-member-spotlight-wayne-marriott/,https://mediatorsbeyondborders.org/wp-content/uploads/2021/01/WayneandSarah-20-768x513.jpg,172.6305589,-43.5320214
45,45,Michiko Kurdoa,Japan,35.6761919,139.6503106,https://mediatorsbeyondborders.org/peacebuilding-with-emotional-intelligence-member-spotlight-michiko-kuroda/,https://mediatorsbeyondborders.org/wp-content/uploads/2019/11/Michiko-Koruda-200x300.jpg,139.6503106,35.6761919
46,46,Nicholas Sadhu,Fiji,-18.13671842,178.4495535,https://mediatorsbeyondborders.org/dispute-system-design-and-traditional-conflict-resolution-member-spotlight-nicholas-sadhu/,https://mediatorsbeyondborders.org/wp-content/uploads/2021/02/2BAD66AD-459E-4264-B6E5-58E4B6D29211-768x576.jpeg,178.4495535,-18.13671842
47,47,Fahmi Shahab,Indonesia,-6.2087634,106.845599,https://mediatorsbeyondborders.org/mediation-in-indonesia-a-leadership-perspective-member-spotlight-fahmi-shahab/,https://mediatorsbeyondborders.org/wp-content/uploads/2021/02/fahmi-768x940.jpg,106.845599,-6.2087634
48,48,Emma Nowotny,Bolivia,-16.489689,-68.1192936,https://mediatorsbeyondborders.org/youth-centric-peacebuilding-member-spotlight-emma-nowotny/,https://mediatorsbeyondborders.org/wp-content/uploads/2021/03/File_000-1-225x300.jpeg,-68.1192936,-16.489689
49,49,Claudia Sanchez,Colombia,4.7109886,-74.072092,https://mediatorsbeyondborders.org/mediation-in-bogota-member-spotlight-claudia-sanchez/,https://mediatorsbeyondborders.org/wp-content/uploads/2021/03/Claudia.jpg,-74.072092,4.7109886
50,50,Isadora Darwich,Brazil,-19.919052,-43.9386685,https://mediatorsbeyondborders.org/it-will-mediation-activism-and-social-entrepreneurship-member-spotlight-isadora-darwich/,https://mediatorsbeyondborders.org/wp-content/uploads/2021/04/Isadora-300x300.jpg,-43.9386685,-19.919052
51,51,James Dong,South Sudan,4.859363,31.57125,https://mediatorsbeyondborders.org/mediation-in-south-sudan-a-christian-perspective-member-spotlight-james-ninrew-dong/,https://mediatorsbeyondborders.org/wp-content/uploads/2021/04/Ninrew-Picture.jpeg,31.57125,4.859363
52,52,Reiny Ortega Cubas,Mexico,19.2464696,-99.1013498,https://mediatorsbeyondborders.org/getting-in-touch-with-our-feelings-and-increasing-visibility-member-spotlight-reiny-ortega-cubas/,https://mediatorsbeyondborders.org/wp-content/uploads/2021/04/Reiny-683x1024.jpg,-99.1013498,19.2464696
53,53,Jennifer Kyllergård,Sweden,59.3293235,18.0685808,https://mediatorsbeyondborders.org/law-mediation-and-human-rights-member-spotlight-jennifer-kyllergard/,https://mediatorsbeyondborders.org/wp-content/uploads/2021/05/Jennifer-Kyllergard-768x808.jpg,18.0685808,59.3293235
54,54,Siham Boda,South Africa,-25.7478676,28.2292712,https://mediatorsbeyondborders.org/mediation-with-empathy-and-assertiveness-member-spotlight-siham-boda/,https://mediatorsbeyondborders.org/wp-content/uploads/2021/05/IMG_0863-1-682x1024.jpg,28.2292712,-25.7478676
55,55,Natalija Vojno,Bosnia and Herzegovina,43.915886,17.679076,https://mediatorsbeyondborders.org/watershed-based-governance-and-positive-peace-member-spotlight-natalija-vojno/,https://mediatorsbeyondborders.org/wp-content/uploads/2021/07/Natalija_headshot_2020-768x658.png,17.679076,43.915886
56,56,Liliana Pimentel,Brazil,-22.98272495,-43.22782814,https://mediatorsbeyondborders.org/changing-hats-is-incredibly-crucial-member-spotlight-liliana-pimentel/,https://mediatorsbeyondborders.org/wp-content/uploads/2021/07/3.jpg,-43.22782814,-22.98272495
57,57,Kathleen DeWitt,Iraq,36.8632107,42.9884805,https://mediatorsbeyondborders.org/a-new-angle-to-mediation-member-spotlight-kathleen-e-dewitt/,https://mediatorsbeyondborders.org/wp-content/uploads/2021/08/kathleen-d.jpg,42.9884805,36.8632107
58,58,Jasmina Krštenić,Serbia,43.9532817,20.56640588,https://mediatorsbeyondborders.org/building-a-worldwide-bridge-of-understanding-member-spotlight-jasmina-krstenic,https://mediatorsbeyondborders.org/wp-content/uploads/2021/08/Jasmina-169x300.png,20.56640588,43.9532817
59,59,Avinder Laroya,Switzerland,46.2043907,6.1431577,https://mediatorsbeyondborders.org/rebranding-and-recreating-yourself-as-a-mediator-member-spotlight-avinder-laroya/,https://mediatorsbeyondborders.org/wp-content/uploads/2021/06/Avinder-768x1020.jpg,6.1431577,46.2043907
60,60,Said Nachet,Morocco,33.9715904,-6.8498129,https://mediatorsbeyondborders.org/the-five-pillars-of-mediation-member-spotlight-said-nachet/,https://mediatorsbeyondborders.org/wp-content/uploads/2021/09/image-29-07-21-04-56-222x300.jpeg,-6.8498129,33.9715904
61,61,Meltem Kilicaslan Greisman,Canada,45.5018869,-73.5673919,https://mediatorsbeyondborders.org/alternative-approaches-to-peace-member-spotlight-meltem-kilicaslan-greisman/,https://mediatorsbeyondborders.org/wp-content/uploads/2021/03/Meltem-Kilicaslan-Greisman-Photo.jpg,-73.5673919,45.5018869
62,62,Deniz Kite,Turkey,41.0082376,28.9783589,https://mediatorsbeyondborders.org/certifying-global-mediators-and-negotiators-member-spotlight-deniz-kite-guner/,https://mediatorsbeyondborders.org/wp-content/uploads/2019/05/Barolar-Birlig%CC%86i-Baku%CC%88-Deniz-Kite-Spotlight-300x229.jpg,28.9783589,41.0082376
63,63,Duniya Stanikzai,Afghanistan,34.5174164,69.1359186,https://mediatorsbeyondborders.org/overcoming-barriers-and-empowering-through-education-member-spotlight-duniya-stanikzai/,https://mediatorsbeyondborders.org/wp-content/uploads/2021/09/duniya-stanikzai.jpeg,69.1359186,34.5174164
64,64,Bianca Motley Broom,"Georgia, United States",33.6534427,-84.4493725,https://mediatorsbeyondborders.org/turn-down-talking-turn-up-listening-member-spotlight-bianca-motley-broom/,https://mediatorsbeyondborders.org/wp-content/uploads/2021/09/BMB-Headshot-240x300.jpg,-84.4493725,33.6534427
65,65,Kim Kortlepel,Germany,52.5200066,13.404954,https://mediatorsbeyondborders.org/keeping-the-balance-member-spotlight-kim-kortlepel/,https://mediatorsbeyondborders.org/wp-content/uploads/2021/09/PHOTO-2021-09-16-12-01-51-234x300.jpg,13.404954,52.5200066
66,66,Dianne Williams,Trinidad and Tobago,10.691803,-61.222503,https://mediatorsbeyondborders.org/ending-a-vicious-cycle-a-deeper-dive-into-the-root-causes-of-conflict-dianne-williams/,https://mediatorsbeyondborders.org/wp-content/uploads/2021/02/2019-bustshot-240x300.jpg,-61.222503,10.691803
67,67,Ignacio Martinez,Spain,40.4167754,-3.7037902,https://mediatorsbeyondborders.org/from-law-to-mediation-member-spotlight-ignacio-gonzalez-martinez/,https://mediatorsbeyondborders.org/wp-content/uploads/2021/10/Ignacio-Gonzalez-Martinez-200x300.jpg,-3.7037902,40.4167754
68,68,Parisa Sekandari,Afghanistan,34.352865,62.2040287,https://mediatorsbeyondborders.org/education-as-a-tool-for-peacebuilding-in-afghanistan-member-spotlight-parisa-sekandari/,https://mediatorsbeyondborders.org/wp-content/uploads/2021/10/Parisa-768x1024.jpg,62.2040287,34.352865
69,69,Fernando Andrade,Chile,-33.4488897,-70.6692655,https://mediatorsbeyondborders.org/creating-a-department-of-peacebuilding-member-spotlight-fernando-andrade/,https://mediatorsbeyondborders.org/wp-content/uploads/2021/10/Parisa-768x1024.jpg,-70.6692655,-33.4488897
70,70,Tzofnat Peleg-Baker,"Oregon, United States",45.515232,-122.6783853,https://mediatorsbeyondborders.org/a-fresh-cultural-relational-outlook-of-conflict-member-spotlight-tzofnat-peleg-baker/,https://mediatorsbeyondborders.org/wp-content/uploads/2021/12/IMG_3283-284x300.jpg,-122.6783853,45.515232
71,71,Fabiano Sannino,Brazil,-23.5557714,-46.6395571,https://mediatorsbeyondborders.org/transforming-businesses-and-transforming-conflict-member-spotlight-fabiano-sannino/,https://mediatorsbeyondborders.org/wp-content/uploads/2021/12/foto_314-e1640267449377.jpg,-46.6395571,-23.5557714
72,72,Bob Stains,"Massachusetts, United States",42.5750009,-70.932122,https://mediatorsbeyondborders.org/transforming-conflict-through-dialogue-mbbi-member-spotlight-bob-stains/,https://mediatorsbeyondborders.org/wp-content/uploads/2021/05/StainsHead2.jpg,-70.932122,42.5750009
73,73,Bob Creo,"Pennsylvania, United States",40.4406248,-79.9958864,https://mediatorsbeyondborders.org/illuminating-the-path-towards-peace-member-spotlight-bob-creo/,https://mediatorsbeyondborders.org/wp-content/uploads/2021/05/20210429_102207-768x1024.jpg,-79.9958864,40.4406248
74,74,Anlan Cheney,"Nebraska, United States",41.2548549,-95.9759165,https://mediatorsbeyondborders.org/the-intersection-of-health-and-peacebuilding-member-spotlight-anlan-cheney/,https://mediatorsbeyondborders.org/wp-content/uploads/2022/09/Anlan.jpeg,-95.9759165,41.2548549
75,75,BJ Guiden,"Texas, United States",32.7766642,-96.7969879,https://mediatorsbeyondborders.org/agreeing-to-disagree-member-spotlight-bj-guiden/,https://mediatorsbeyondborders.org/wp-content/uploads/2021/03/20210319_101111-768x958.jpg,-96.7969879,32.7766642
76,76,Laura Roberts,"Texas, United States",29.7604267,-95.3698028,https://mediatorsbeyondborders.org/between-restorative-and-immigration-justice-member-spotlight-laura-roberts/,https://mediatorsbeyondborders.org/wp-content/uploads/2021/10/Laura_Roberts_1-768x914.jpg,-95.3698028,29.7604267
77,77,Chuck Fitzgerald,"Arizona, United States",33.4483771,-112.0740373,https://mediatorsbeyondborders.org/pursuing-peace-conference-member-spotlight-chuck-fitzgerald/,https://mediatorsbeyondborders.org/wp-content/uploads/2021/12/860940_10152394434519892_5943327085331508924_o-768x960.jpg,-112.0740373,33.4483771
78,78,Rosa Zubizarreta,Peru,-12.0463731,-77.042754,https://mediatorsbeyondborders.org/education-translation-and-facilitation-member-spotlight-rosa-zubizarreta/,https://mediatorsbeyondborders.org/wp-content/uploads/2021/11/Rosa--293x300.jpeg,-77.042754,-12.0463731
79,79,Christine Peringer,Canada,45.065223,-76.648086,https://mediatorsbeyondborders.org/the-art-of-the-possible-member-spotlight-christine-peringer/,https://mediatorsbeyondborders.org/wp-content/uploads/2019/12/Christine_01MWhite_WebRes-cropped-768x876.jpg,-76.648086,45.065223
80,80,Louisa Garbo,Gulf Islands,48.88928786,-123.4704321,https://mediatorsbeyondborders.org/the-yin-and-yang-of-mediation-member-spotlight-louisa-garbo/,https://mediatorsbeyondborders.org/wp-content/uploads/2020/09/Louisa-Garbo-300x276.png,-123.4704321,48.88928786
81,81,Alicia Kuin,Canada,43.7706164,-79.5051114,https://mediatorsbeyondborders.org/a-career-mediator-member-spotlight-alicia-kuin/,https://mediatorsbeyondborders.org/wp-content/uploads/2020/10/Alicia-Kuin_128-1-710x1024.jpg,-79.5051114,43.7706164
82,82,Kelly Rico,Canada,43.4516395,-80.4925337,https://mediatorsbeyondborders.org/restorative-justice-and-conflict-transformation-member-spotlight-kelly-rico/,https://mediatorsbeyondborders.org/wp-content/uploads/2021/06/Kelly-R.jpg,-80.4925337,43.4516395
83,83,Roshan Melwani,Hong Kong,22.2587586,114.1910696,https://mediatorsbeyondborders.org/inclusivity-in-mediation-member-spotlight-roshan-melwani/,https://mediatorsbeyondborders.org/wp-content/uploads/2022/01/Roshan-Melwani.jpg,114.1910696,22.2587586
84,84,Brigid Inder,New Zealand,-36.8508827,174.7644881,https://mediatorsbeyondborders.org/maintaining-trust-based-relationships-member-spotlight-brigid-inder-obe/,https://mediatorsbeyondborders.org/wp-content/uploads/2022/01/Brigid.png,174.7644881,-36.8508827
85,85,Janet Autherine James-Mahon,Jamaica,18.109581,-77.297508,https://mediatorsbeyondborders.org/inspiring-peace-in-others-member-spotlight-janet-autherine-james-mahon/,https://mediatorsbeyondborders.org/wp-content/uploads/2022/03/janet_autherine_james_mahon-600x600.jpeg,-77.297508,18.109581
86,86,Michelle Arbid,Lebanon,33.8937913,35.5017767,https://mediatorsbeyondborders.org/conflict-constructive-member-spotlight-michelle-arbid/,https://mediatorsbeyondborders.org/wp-content/uploads/2022/05/Michelle-Arbid.jpeg,35.5017767,33.8937913
87,87,Brown Masingati,Malawi,-13.16874359,34.03785313,https://mediatorsbeyondborders.org/standing-for-children-protection-and-women-empowerment-in-malawi-member-spotlight-brown-masingati/,https://mediatorsbeyondborders.org/wp-content/uploads/2022/05/WhatsApp-Image-2022-05-02-at-15.23.35-1.jpeg,34.03785313,-13.16874359
88,88,Ben Schoeman,South Africa,-33.9248685,18.4240553,https://mediatorsbeyondborders.org/promoting-the-mediation-process-member-spotlight-ben-schoeman/,https://mediatorsbeyondborders.org/wp-content/uploads/2020/08/IMG_6195.jpeg,18.4240553,-33.9248685
89,89,Chehab Elawar,Lebanon,33.8937913,35.5017767,https://mediatorsbeyondborders.org/a-resilient-rotarian-member-spotlight-chehab-elawar/,https://mediatorsbeyondborders.org/wp-content/uploads/2022/05/Chehab.jpeg,35.5017767,33.8937913
90,90,Fiona White,New Zealand,-45.8795455,170.5005957,https://mediatorsbeyondborders.org/a-toolbox-for-conflict-and-peace-member-spotlight-fiona-white/,https://mediatorsbeyondborders.org/wp-content/uploads/2019/01/Fiona-White-Photo-1-240x300.jpg,170.5005957,-45.8795455
91,91,Macarena Mata,United Kingdom,51.7049829,-0.151439,https://mediatorsbeyondborders.org/evolving-humanity-and-protecting-the-planet-member-spotlight-macarena-mata/,https://mediatorsbeyondborders.org/wp-content/uploads/2020/02/Macarena-M.png,-0.151439,51.7049829
92,92,Alpha Umar Barrie,Liberia,6.3156068,-10.8073698,https://mediatorsbeyondborders.org/peacebuilder-spotlight-alpha-umarr-barrie/,https://mediatorsbeyondborders.org/wp-content/uploads/2016/11/alpha-umarr-barrie.jpg,-10.8073698,6.3156068
93,93,Barbara Melamed,"Hawaii, United States",19.8986819,-155.6658568,https://mediatorsbeyondborders.org/membership-spotlight-barbara-g-melamed-ph-d-abpp/,https://mediatorsbeyondborders.org/wp-content/uploads/2016/09/barbara-photo-768x766.jpg,-155.6658568,19.8986819
94,94,Amporn Marddent,Thailand,15.870032,100.992541,https://mediatorsbeyondborders.org/membership-spotlight-amporn-marddent/,https://mediatorsbeyondborders.org/wp-content/uploads/2016/05/Amporn.png,100.992541,15.870032
95,95,Shadia Marhaban,Indonesia,4.695135,96.7493993,https://mediatorsbeyondborders.org/shadia-marhaban/,https://mediatorsbeyondborders.org/wp-content/uploads/2017/03/Shadia.jpg,96.7493993,4.695135
96,96,Rozana Al-Tayyar,Saudi Arabia,21.485811,39.1925048,https://mediatorsbeyondborders.org/peacebuilder-spotlight-rozana-al-tayyar-miracles-mediation/,https://mediatorsbeyondborders.org/wp-content/uploads/2017/04/Rozana.jpg,39.1925048,21.485811
97,97,Estera Borcsa,Romania,45.943161,24.96676,https://mediatorsbeyondborders.org/mediation-is-resolution-member-spotlight-estera-borsca/,https://mediatorsbeyondborders.org/wp-content/uploads/2018/10/Estera-2nd-from-left-is-flanked-by-MBBI-board-members-at-a-peace-gathering.jpeg,24.96676,45.943161
98,98,Archana A. Medhekar,Canada,43.653226,-79.3831843,https://mediatorsbeyondborders.org/joining-mbbi-felt-like-going-home-member-spotlight-archana-medhekar/,https://mediatorsbeyondborders.org/wp-content/uploads/2018/11/Archana-Medhekar-Picture.jpg,-79.3831843,43.653226
99,99,Colins Edozie Imoh,"Ohio, United States",41.6528052,-83.5378674,https://mediatorsbeyondborders.org/the-more-you-know-the-more-you-are-able-to-change-your-community-peacebuilder-spotlight-colins-imoh/,https://mediatorsbeyondborders.org/wp-content/uploads/2018/06/Colins-Imoh-1-244x300.jpg,-83.5378674,41.6528052
100,100,Joy Mbaabu,Kenya,-1.2920659,36.8219462,https://mediatorsbeyondborders.org/event/a-practitioners-perspective-on-the-values-that-make-for-a-successful-mediation/,https://oldanyaorganic.co.ke/wp-content/uploads/2020/09/DSC0090-scaled-e1600849019577-833x1024.jpg,36.8219462,-1.2920659
101,101,Esma Yilmaz,Türkiye,39.9333635,32.8597419,https://mediatorsbeyondborders.org/pairing-logistics-with-negotiation-member-spotlight-esma-deniz-yilmaz/,https://mediatorsbeyondborders.org/wp-content/uploads/2019/11/IMG_7859-651x1024.jpg,32.8597419,39.9333635
102,102,Dennis Phua,Singapore,1.352083,103.819836,https://mediatorsbeyondborders.org/welcome-to-the-mbbi-2019-congress-in-bali-member-spotlight-dennis-phua/,https://mediatorsbeyondborders.org/wp-content/uploads/2019/10/IMG_9578xheadshot-233x300.jpg,103.819836,1.352083
103,103,Joseph Siegel,"New York, United States",40.994542,-73.8787461,https://mediatorsbeyondborders.org/harmonizing-interests-to-confront-climate-change-member-spotlight-joseph-siegel/,https://mediatorsbeyondborders.org/wp-content/uploads/2019/08/joseph-Siegel-Headshot-April-2018-760x1024.jpeg,-73.8787461,40.994542
104,104,Ei Ei Samai,Myanmar (Burma),21.916221,95.955974,https://mediatorsbeyondborders.org/culture-design-peacebuilding-and-light-member-spotlight-ei-ei-samai/,https://mediatorsbeyondborders.org/wp-content/uploads/2019/07/EiEi2-600x600.png,95.955974,21.916221
105,105,Charalee Graydon,France,43.610769,3.876716,https://mediatorsbeyondborders.org/sustainable-solutions-to-climate-change-member-spotlight-charalee-graydon/,https://mediatorsbeyondborders.org/wp-content/uploads/2019/06/Charalee-Graydon-1-768x976.jpg,3.876716,43.610769
106,106,Maureen Inglis,Australia,-33.432293,138.1535034,https://mediatorsbeyondborders.org/drawing-out-solutions-from-the-people-member-spotlight-maureen-inglis/,https://mediatorsbeyondborders.org/wp-content/uploads/2019/02/Maureen-Inglis-Photo-300x300.jpg,138.1535034,-33.432293
107,107,Suzanne Sherkin,Canada,43.77035852,-79.72376047,https://mediatorsbeyondborders.org/a-sixth-sense-every-mediator-should-have-member-spotlight-suzanne-sherkin/,https://mediatorsbeyondborders.org/wp-content/uploads/2019/04/Suz-bio-shot-300x240.jpg,-79.72376047,43.77035852
108,108,Bruce Kravitz,"Oklahoma, United States",35.4675602,-97.5164276,https://mediatorsbeyondborders.org/dream-big-take-small-steps-member-spotlight-bruce-kravitz/,https://mediatorsbeyondborders.org/wp-content/uploads/2023/04/Bruce-Kravitz-731x1024.jpeg,-97.5164276,35.4675602
109,109,Victoria Gray,"Utah, United States",37.0965278,-113.5684164,https://mediatorsbeyondborders.org/meet-the-board-victoria-gray/,https://mediatorsbeyondborders.org/wp-content/uploads/2020/07/Victoria-Gray-e1688650545484.jpeg,-113.5684164,37.0965278
110,110,Britt Sheinbaum,"North Carolina, United States",34.2103894,-77.8868117,https://mediatorsbeyondborders.org/following-the-cookie-crumbs-on-the-path-to-success-member-spotlight-britt-sheinbaum/,https://mediatorsbeyondborders.org/wp-content/uploads/2022/10/Britt.jpg,-77.8868117,34.2103894
111,111,Mirah Russo,"Connecticut, United States",41.308274,-72.9278835,https://mediatorsbeyondborders.org/communication-and-climate-action-member-spotlight-miriah-russo-kelly/,https://mediatorsbeyondborders.org/wp-content/uploads/2021/11/Miriah-Kelly-768x593.png,-72.9278835,41.308274
112,112,Lynn Hunt,"Washington, United States",45.8156638,-122.6908502,https://mediatorsbeyondborders.org/mediation-in-the-workplace-member-spotlight-lynn-hunt/,https://mediatorsbeyondborders.org/wp-content/uploads/2021/11/IMG_1169-768x649.jpg,-122.6908502,45.8156638
113,113,Jax Richards,"Oregon, United States",44.5645659,-123.2620435,https://mediatorsbeyondborders.org/youth-resilience-and-advocacy-member-spotlight-jax-richards/,https://mediatorsbeyondborders.org/wp-content/uploads/2022/01/jax_richards-768x985.jpeg,-123.2620435,44.5645659
114,114,Becci Crane,"North Dakota, United States",47.9252568,-97.0328547,https://mediatorsbeyondborders.org/raising-the-light-to-justice-member-spotlight-becci-crane/,https://mediatorsbeyondborders.org/wp-content/uploads/2021/02/becci-photo-2020-768x818.png,-97.0328547,47.9252568
115,115,Lisa Singh,"Ohio, United States",39.8906122,-84.1988308,https://mediatorsbeyondborders.org/a-starfish-hunter-member-spotlight-lisa-singh/,https://mediatorsbeyondborders.org/wp-content/uploads/2023/06/Lisa-Singh-243x300.jpeg,-84.1988308,39.8906122
116,116,Linda Beitz,"Illinois, United States",41.8781136,-87.6297982,https://mediatorsbeyondborders.org/coach-consultant-and-conflict-specialist-member-spotlight-dr-linda-beitz/,https://mediatorsbeyondborders.org/wp-content/uploads/2020/08/Linda-Beitz-300x300.jpg,-87.6297982,41.8781136
117,117,Laura Roberts,"Colorado, United States",40.0149856,-105.2705456,https://mediatorsbeyondborders.org/between-restorative-and-immigration-justice-member-spotlight-laura-roberts/,https://mediatorsbeyondborders.org/wp-content/uploads/2021/10/Laura_Roberts_1-768x914.jpg,-105.2705456,40.0149856
118,118,Larry Schooler,"Texas, United States",30.267153,-97.7430608,https://mediatorsbeyondborders.org/truth-and-reconciliation-member-spotlight-dr-larry-schooler/,https://mediatorsbeyondborders.org/wp-content/uploads/2020/08/LarryHeadshotold-298x300.jpg,-97.7430608,30.267153
119,119,Sherry Ann Bruckner,"Minnesota, United States",45.8848164,-95.3776663,https://mediatorsbeyondborders.org/discovering-individual-needs-in-conflict-dialogue-member-spotlight-sherry-ann-bruckner/,https://mediatorsbeyondborders.org/wp-content/uploads/2021/04/Sherry-683x1024.jpg,-95.3776663,45.8848164
120,120,Bonny Kaman Li,Solomon Islands,-9.64571,160.156194,https://mediatorsbeyondborders.org/education-and-cultural-barriers-member-spotlight-bonny-kaman-li/,https://mediatorsbeyondborders.org/wp-content/uploads/2022/12/Bonny-559x1024.jpeg,160.156194,-9.64571
121,121,Odeta Inte,Lithuania,55.169438,23.881275,https://mediatorsbeyondborders.org/from-child-protection-to-family-mediation-member-spotlight-odeta-inte/,https://mediatorsbeyondborders.org/wp-content/uploads/2022/10/Odeta-Inte.jpg,23.881275,55.169438
122,122,Eleane Amador,Nicaragua,12.865416,-85.207229,https://mediatorsbeyondborders.org/the-value-of-diverse-community-member-spotlight-eleane-amador/,https://mediatorsbeyondborders.org/wp-content/uploads/2023/04/Eleane.jpeg,-85.207229,12.865416
123,123,Constanza Metzadour,Argentina,-34.6036844,-58.3815591,https://mediatorsbeyondborders.org/always-moving-forward-member-spotlight-constanza-metzadour/,https://mediatorsbeyondborders.org/wp-content/uploads/2023/07/Constanza-Metzadour-768x961.jpeg,-58.3815591,-34.6036844
124,124,Nariman Hamo,Syria,33.5138073,36.2765279,https://mediatorsbeyondborders.org/from-fighting-for-peace-to-finding-inner-peace-member-spotlight-nariman-hamo/,https://mediatorsbeyondborders.org/wp-content/uploads/2023/08/Nariman.jpeg,36.2765279,33.5138073
125,125,Bebhinn McKinley,United Kingdom,54.597285,-5.93012,https://mediatorsbeyondborders.org/removing-borders-member-spotlight-bebhinn-mckinley/,https://mediatorsbeyondborders.org/wp-content/uploads/2021/05/image-1447-300x196-1.jpg,-5.93012,54.597285
126,126,Jack DeGruchy,Canada,49.8863235,-119.4965917,https://mediatorsbeyondborders.org/a-wisdom-warrior-member-spotlight-dr-jack-degruchy/,https://mediatorsbeyondborders.org/wp-content/uploads/2020/01/Jacks-head-shot-683x1024.jpg,-119.4965917,49.8863235
